Title,YEAR,IMDb Rating,Runtime,Votes,Metascore,MPAA Rating,Short Description
The Shawshank Redemption,1994,9.3,142,3000000,82.0,TV-14,"Wrongly convicted, Andy Dufresne (Tim Robbins) is sentenced to two consecutive life terms in in Maine's Shawshank prison for the murders of his wife and her lover.  Set in the 1940's, the film shows how Andy learns to get by in the brutal confines of prison, even earning the respect of his fellow inmates, most notably the longtime convict ""Red"" Redding (Morgan Freeman)."
The Godfather,1972,9.2,175,2100000,100.0,TV-14,"Francis Ford Coppola's epic features Marlon Brando in his Oscar-winning role as the patriarch of the Corleone family. Director Coppola paints a chilling portrait of the Sicilian clan's rise and near fall from power in America, masterfully balancing the story between the Corleone's family life and the ugly crime business in which they are engaged. Based on Mario Puzo's best-selling novel and featuring career-making performances by Al Pacino, James Caan and Robert Duvall, this searing and brilliant film garnered ten Academy Award nominations, and won three including Best Picture of 1972. [Paramount Pictures]"
The Dark Knight,2008,9.0,152,3000000,84.0,TV-14,"Batman raises the stakes in his war on crime. With the help of Lieutenant Jim Gordon and District Attorney Harvey Dent Batman sets out to dismantle the remaining criminal organizations that plague the city streets. The partnership proves to be effective, but they soon find themselves prey to reign of chaos unleashed by a rising criminal mastermind known to the terrified citizens of Gotham as the Joker. (Warner Bros.)"
12 Angry Men,1957,9.0,96,914000,97.0,Approved,"12 Angry Men, by Sidney Lumet, is a behind-closed-doors look at the American legal system. This iconic adaptation of Reginald Rose’s teleplay stars Henry Fonda as the dissenting member on a jury of white men ready to pass judgment on a Puerto Rican teenager charged with murdering his father. The result is a saga of epic proportions that plays out over a tense afternoon in one sweltering room."
The Lord of the Rings: The Return of the King,2003,9.0,201,2100000,94.0,PG-13,"Sauron's forces have laid siege to Minas Tirith, the capital of Gondor, in their efforts to eliminate the race of men.  The once-great kingdom, watched over by a fading steward, has never been in more desperate need of its king. But can Aragorn (Viggo Mortensen) answer the call of his heritage and become what he was born to be?  In no small measure, the fate of Middle-earth rests on his broad shoulders.  [New Line Cinema]"
Schindler's List,1993,9.0,195,1500000,95.0,R,Steven Spielberg's epic drama tells the compelling true story of German businessman Oskar Schindler (Neeson) who comes to Nazi-occupied Poland looking for economic prosperity and leaves as a savior. (History in Film)
Pulp Fiction,1994,8.9,154,2300000,95.0,TV-14,Several inter-locking stories of crime and intrigue form a temporal mosaic set in the Los Angeles underworld.
The Lord of the Rings: The Fellowship of the Ring,2001,8.9,178,2100000,92.0,PG-13,"An epic adventure of good against evil, a story of the power of friendship and individual courage, and the heroic quest to pave the way for the emergence of mankind, J.R.R. Tolkien's master work brought to cinematic life.  [New Line Cinema]"
"The Good, the Bad and the Ugly",1966,8.8,178,845000,90.0,TV-14,"For three men the Civil War wasn't hell... it was practice! Clint Eastwood returns as ""The Man with No Name,"" this time teaming with two gunslingers (Lee Van Cleef and Eli Wallach) to pursue a cache of $200,000 and letting no one, not even warring factions in a civil war, stand in their way. [MGM]"
Forrest Gump,1994,8.8,142,2400000,82.0,TV-PG,A sweeping look at thirty tumultuous years of American history seen through the eyes of the charmed simpleton Forrest Gump (Tom Hanks).
The Lord of the Rings: The Two Towers,2002,8.8,179,1900000,87.0,TV-14,"In the second chapter in J.R.R Tolkien's epic trilogy, the Fellowship faces unimaginable armies and deception while also witnessing ancient wonders and the untapped strength of their people. [New Line Productions]"
Fight Club,1999,8.8,139,2400000,67.0,TV-MA,"The film's narrator (Edward Norton) attends support groups of all kinds as a way to ""experience"" something within his unfeeling, commercial existence.  On a business trip, he meets Tyler Durden (Bradd Pitt) who encourages them to form a fight club as a release for their latent aggressive tendencies."
Inception,2010,8.8,148,2700000,74.0,TV-14,"Dom Cobb is a skilled thief, the absolute best in the dangerous art of extraction, stealing valuable secrets from deep within the subconscious during the dream state, when the mind is at its most vulnerable. Cobb's rare ability has made him a coveted player in this treacherous new world of corporate espionage, but it has also made him an international fugitive and cost him everything he has ever loved. Now Cobb is being offered a chance at redemption. One last job could give him his life back but only if he can accomplish the impossible—inception. Instead of the perfect heist, Cobb and his team of specialists have to pull off the reverse: their task is not to steal an idea but to plant one. If they succeed, it could be the perfect crime. But no amount of careful planning or expertise can prepare the team for the dangerous enemy that seems to predict their every move. An enemy that only Cobb could have seen coming. This summer, your mind is the scene of the crime. [Warner Bros. Pictures]"
Star Wars: Episode V - The Empire Strikes Back,1980,8.7,124,1400000,82.0,TV-PG,"Three years after the events of Star Wars,  Imperial forces continue to pursue the Rebels. After the Rebellion?s defeat on the ice planet Hoth, Luke journeys to the planet Dagobah to train with Jedi Master Yoda, who has lived in hiding since the fall of the Republic. In an attempt to convert Luke to the dark side, Darth Vader lures young Skywalker into a trap in the Cloud City of Bespin. In the midst of a fierce lightsaber duel with the Sith Lord, Luke faces a startling revelation. [20th Century Fox]"
The Matrix,1999,8.7,136,2100000,73.0,TV-14,"A computer hacker (Keanu Reeves) learns that his entire life has been a virtual dream, orchestrated by a strange class of computer overlords in the far future. He joins a resistance movement to free humanity from lives of computerized brainwashing."
Goodfellas,1990,8.7,145,1300000,92.0,TV-MA,"Based on the bestselling book ""Wiseguy"" by Nicholas Pileggi, Scorsese's film profiles nearly 30 years of mob life in New York City."
One Flew Over the Cuckoo's Nest,1975,8.7,133,1100000,84.0,TV-14,"A nice rest in a state mental hospital beats a stretch in the pen, right? Randle P. McMurphy (Nicholson), a free-spirited con with lightning in his veins and glib on his tongue, fakes insanity and moves in with what he calls the ""nuts."" Immediately, his contagious sense of disorder runs up against numbing routine. No way should guys pickled on sedatives shuffle around in bathrobes when the World Series is on. This means war! On one side is McMurphy. On the other is soft-spoken Nurse Ratched (Fletcher), among the most coldly monstrous villains in film history. At stake is the fate of every patient on the ward. (Warner Bros.)"
Interstellar,2014,8.7,169,2300000,74.0,TV-14,"With our time on Earth coming to an end, a team of explorers undertakes the most important mission in human history; traveling beyond this galaxy to discover whether mankind has a future among the stars. [Paramount Pictures]"
It's a Wonderful Life,1946,8.6,130,524000,89.0,TV-G,An angel is sent from Heaven to help a desperately frustrated businessman by showing him what life would have been like if he had never existed.
Seven Samurai,1954,8.6,207,381000,98.0,Not,Seven Samurai (Shichinin no samurai) tells the story of a sixteenth-century village whose desperate inhabitants hire the eponymous warriors to protect them from invading bandits.
The Silence of the Lambs,1991,8.6,118,1600000,86.0,TV-MA,"In pursuit of one serial killer, ambitious FBI student Clarice Starling (Foster) is forced to enlist the aid of another notorious killer, the incarcerated ex-psychiatrist known as ""Hannibal the Cannibal"" Lecter (Hopkins)."
Saving Private Ryan,1998,8.6,169,1600000,91.0,TV-MA,"During the WWII D-Day invasion, a squad of soldiers led by Captain John Miller (Tom Hanks) is sent into Normandy to find Private James Ryan (Matt Damon), and return him to his mother in America.  She has already lost three other sons in this war."
City of God,2002,8.6,130,831000,79.0,R,"Welcome to the world's most notorious slum: Rio de Janeiro's 'City of God.' A place where combat photographers fear to tread, where Police rarely go, and residents are lucky if they live to the age of 20.  This is the true story of a young man who grew up on these streets and whose ambition as a photographer is our window in and ultimately may be him only way out. [Miramax]"
The Green Mile,1999,8.6,189,1500000,61.0,TV-14,"Set on Death Row in a Southern prison in 1935, this is the remarkable story of a prison guard who develops a poignant, unusual relationship with one inmate who possesses a magical gift that is both mysterious and miraculous.  (Castle Rock Entertainment)"
Life Is Beautiful,1997,8.6,116,771000,58.0,PG-13,From one of the world's most acclaimed comic filmmakers comes an unexpected and unforgettable fable about the power of laughter to move the human heart and the power of the imagination to bolster the human spirit.  (Miramax Films)
Terminator 2: Judgment Day,1991,8.6,137,1200000,75.0,TV-14,"In a future, war-ravaged Los Angeles in which the machines have taken over the earth, a faction of human rebels led by an adult John Connor do battle with the cyborgs. Two ""intelligent machines"" have been dispatched to the past, one -- a replica of the Terminator model T-800 which dominated the original film -- to protect the young Connor, the other -- a shape-shifting metallic T-1000 -- to kill him."
Star Wars: Episode IV - A New Hope,1977,8.6,121,1500000,90.0,TV-PG,"A long time ago in a galaxy far, far away... Princess Leia (Carrie Fisher) is held hostage by the evil Imperial forces in their effort to quell the rebellion against the Galactic Empire. Luke Skywalker (Mark Hamill) and Captain Han Solo (Harrison Ford) team together with the lovable droid duo, R2-D2 and C-3PO, to rescue the beautiful princess and restore justice in the galaxy. [20th Century Fox]"
Back to the Future,1985,8.5,116,1400000,87.0,TV-PG,"Marty McFly goes back in time, in a DeLorean invented by his friend, Dr. Emmett Brown, and must make sure his high-school-age parents get together, so he doesn't cease to exist."
Spirited Away,2001,8.6,124,898000,96.0,TV-PG,"A young girl, Chihiro, becomes trapped in a strange new world of spirits. When her parents undergo a mysterious transformation, she must call upon the courage she never knew she had to free herself and return her family to the outside world. [Walt Disney Studios]"
The Pianist,2002,8.5,150,958000,85.0,TV-MA,"Wladyslaw Szpilman, a brilliant Polish pianist, a Jew, escapes deportation.  Forced to live in the heart of the Warsaw ghetto, he shares the suffering, the humiliation and the struggles.  He manages to escape and hides in the ruins of the capital.  A German officer comes to his aid and helps him to survive. (Focus Features)"
Gladiator,2000,8.5,155,1700000,67.0,TV-14,"Before Maximus (Crowe), the heroic Roman General, can honor the wishes of his dying emperor Marcus Aurelius (Harris) by assuming the emperor's role, the emperor's cruel and corrupt son Commodus (Phoenix) orders the execution of Maximus and his family.  Escaping death, Maximus assumes the life of an anonymous gladiator, fighting his way back to the Roman Colosseum where he seeks revenge and a return to justice for Rome."
Gladiator,2000,8.5,155,1700000,49.0,R,"Tommy Riley has moved with his dad to Chicago from a 'nice place'. He keeps to himself, goes to school. However, after a street fight he is noticed and quickly falls into the world of illegal underground boxing - where punches can kill."
Parasite,2019,8.5,132,1000000,97.0,R,"Meet the Park Family: the picture of aspirational wealth. And the Kim Family, rich in street smarts but not much else. Be it chance or fate, these two houses are brought together and the Kims sense a golden opportunity. Masterminded by college-aged Ki-woo, the Kim children expediently install themselves as tutor and art therapist, to the Parks. Soon, a symbiotic relationship forms between the two families. The Kims provide “indispensable” luxury services while the Parks obliviously bankroll their entire household. When a parasitic interloper threatens the Kims’ newfound comfort, a savage, underhanded battle for dominance breaks out, threatening to destroy the fragile ecosystem between the Kims and the Parks. [Neon]"
Psycho,1960,8.5,109,747000,97.0,TV-14,"A Phoenix secretary embezzles $40,000 from her employer's client, goes on the run, and checks into a remote motel run by a young man, Norman Bates (Anthony Perkins) under the domination of his mother."
Psycho,1960,8.5,109,747000,47.0,TV-14,"Intrigued by the notion of taking an intact, undeniable classic and seeing what would happen if it were made again - with a nearly identical shooting script - but with contemporary filmmaking techniques, Gus Van Sant recreates the motion picture Psycho.  (Universal Studios)"
The Lion King,1994,8.5,88,1200000,88.0,TV-PG,"Embark on an extraordinary coming-of-age adventure as Simba, a lion cub who cannot wait to be king, searches for his destiny in the great ""Circle of Life."" [Disney]"
The Lion King,1994,8.5,88,1200000,55.0,PG,"In the African savanna, a future king is born. Simba idolizes his father, King Mufasa, and takes to heart his own royal destiny. But not everyone in the kingdom celebrates the new cub’s arrival. Scar, Mufasa’s brother—and former heir to the throne—has plans of his own. The battle for Pride Rock is ravaged with betrayal, tragedy and drama, ultimately resulting in Simba’s exile. With help from a curious pair of newfound friends, Simba will have to figure out how to grow up and take back what is rightfully his."
The Departed,2006,8.5,151,1500000,85.0,R,"This gritty crime drama from director Martin Scorsese takes us into the lives of two cops: Colin Sullivan (Matt Damon), smart and unabashedly ambitious, appears to be on the fast track in the Massachusetts State Police Department's elite Special Investigations Unit, whose prime target is powerful Irish mob boss Frank Costello (Jack Nicholson). Billy Costigan (Leonardo DiCaprio), street-smart and tough, is purported to have a violent temper that costs him his badge and eventually lands him back on the rough streets of South Boston, where he is recruited into Costello's ranks. But neither man is what he seems and, as they work at cross purposes, they are plunged into a dangerous game of cat and mouse in which the stakes could not be higher.  [Warner Bros.]"
Whiplash,2014,8.5,106,1100000,89.0,TV-14,"Andrew Neyman (Miles Teller), a young jazz drummer who attends one of the best music schools in the country under the tutelage of the school’s fearsome maestro of jazz named Terence Fletcher (J.K. Simmons), struggles to make it as a top jazz drummer."
Harakiri,1962,8.6,133,78000,85.0,Not,An elder ronin samurai arrives at a feudal lord's home and requests an honorable place to commit suicide. But when the ronin inquires about a younger samurai who arrived before him things take an unexpected turn.
American History X,1998,8.5,119,1200000,62.0,TV-MA,A groundbreaking controversial drama about the tragic consequences of racism in a family.  (New Line Cinema)
The Prestige,2006,8.5,130,1500000,66.0,PG-13,"Christopher Nolan directs this mysterious story of two magicians whose intense rivalry leads them on a life-long battle for supremacy full of obsession, deceit and jealousy with dangerous and deadly consequences.  (Touchstone Pictures)"
Spider-Man: Across the Spider-Verse,2023,8.5,140,440000,86.0,PG,"Miles Morales returns for the next chapter of the Oscar®-winning Spider-Verse saga, an epic adventure that will transport Brooklyn's full-time, friendly neighborhood Spider-Man across the Multiverse to join forces with Gwen Stacy and a new team of Spider-People to face off with a villain more powerful than anything they have ever encountered."
Casablanca,1942,8.5,102,627000,100.0,TV-PG,"A Casablanca, Morocco casino owner in 1941 shelters his former lover and her husband, a Czechoslovakian freedom fighter, from the Nazis."
The Usual Suspects,1995,8.5,106,1200000,76.0,R,"Five career criminals in New York are rounded up for a standard police line-up. After release, they get together for a bit of revenge by pulling off a $3 million emerald heist. This scheme brings them to the attention of an underworld crime figure who convinces them to do a highly dangerous job."
The Intouchables,2011,8.5,112,969000,57.0,TV-14,"The Intouchables tells the true story of a wealthy, physically disabled risk taker, the picture of established French nobility, who lost his wife in an accident and whose world is turned upside down when he hires a young, good-humored, black Muslim ex-con as his caretaker. Their bond proves the power and omniscience that love and friendship can hold over all social and economic differences. (The Weinstein Company)"
Cinema Paradiso,1988,8.5,174,298000,80.0,PG,"Set in an Italian village, Salvatore finds himself enchanted by the flickering images at the Cinema Paradiso, yearning for the secret of the cinema’s magic. When the projectionist, Alfredo, agrees to reveal the mysteries of moviemaking, a deep friendship is born. The day comes for Salvatore to leave the village and pursue his dream of making movies of his own. Thirty years later he receives a message that beckons him back home to a secret and beautiful discovery that awaits him. [Miramax]"
Alien,1979,8.5,117,1000000,89.0,TV-14,"For the first time in nearly a quarter-century, Alien returns to the big screen with a digitally remastered special edition of director Ridley Scott's science fiction/horror classic. [Fox]"
Rear Window,1954,8.5,112,542000,100.0,TV-PG,A wheelchair-bound photographer spies on his neighbours from his apartment window and becomes convinced one of them has committed murder.
Django Unchained,2012,8.5,165,1800000,81.0,R,"Django is a slave whose brutal history with his former owners lands him face-to-face with German-born bounty hunter Dr. King Schultz.  Schultz is on the trail of the murderous Brittle brothers, and only Django can lead him to his bounty.  The unorthodox Schultz acquires Django with a promise to free him upon the capture of the Brittles – dead or alive. (The Weinstein Company)"
City Lights,1931,8.5,87,205000,99.0,G,The Tramp (Charlie Chaplin) struggles to help a blind flower girl he has fallen in love with.
Apocalypse Now,1979,8.4,147,736000,94.0,TV-14,"During the Vietnam War, Captain Willard is sent on a dangerous mission into Cambodia to assassinate a renegade colonel who has set himself up as a god among a local tribe."
Dune: Part Two,2024,8.5,166,606000,79.0,PG-13,"Paul Atreides unites with Chani and the Fremen while on a warpath of revenge against the conspirators who destroyed his family. Facing a choice between the love of his life and the fate of the known universe, he endeavors to prevent a terrible future only he can foresee."
Memento,2000,8.4,113,1400000,83.0,R,"Dismissed by the police, Leonard Shelby (Pearce) is obsessed with pursuing vengeance for the rape and murder of his wife.  The difficulty of his quest is compounded by his rare, untreatable form of memory loss."
Raiders of the Lost Ark,1981,8.4,115,1100000,86.0,TV-14,"You're in for thrills as Indiana Jones (Harrison Ford) confronts snakes, Nazis and one astonishing cliffhanger after another -- all topped off by the discovery and opening of the mystical Ark of the Covenant. [Paramount Pictures]"
The Lives of Others,2006,8.4,137,425000,89.0,R,"At once a political thriller and human drama, The Lives of Others begins in East Berlin in 1984, five years before Glasnost and the fall of the Berlin Wall and ultimately takes us to 1991, in what is now the reunited Germany. The film traces the gradual disillusionment of Captain Gerd Wiesler, a highly skilled officer who works for the Stasi, East Germany's all-powerful secret police.  (Sony Pictures Classics)"
Avengers: Infinity War,2018,8.4,149,1300000,68.0,PG-13,"As the Avengers and their allies have continued to protect the world from threats too large for any one hero to handle, a new danger has emerged from the cosmic shadows: Thanos. A despot of intergalactic infamy, his goal is to collect all six Infinity Stones, artifacts of unimaginable power, and use them to inflict his twisted will on all of reality. Everything the Avengers have fought for has led up to this moment – the fate of Earth and existence itself has never been more uncertain."
Sunset Boulevard,1950,8.4,110,247000,94.0,Passed,Billy Wilder's 1950 classic stars Gloria Swanson as has-been silent film star Norma Desmond.
Spider-Man: Into the Spider-Verse,2018,8.4,117,719000,87.0,TV-PG,"Spider-Man: Into the Spider-Verse introduces Brooklyn teen Miles Morales, and the limitless possibilities of the Spider-Verse, where more than one can wear the mask."
Paths of Glory,1957,8.4,88,224000,90.0,TV-PG,"When soldiers in World War I refuse to continue with an impossible attack, their superior officers decide to make an example of them."
Witness for the Prosecution,1957,8.4,116,148000,76.0,Approved,A veteran British barrister must defend his client in a murder trial that has surprise after surprise.
The Shining,1980,8.4,146,1200000,68.0,TV-14,"A married couple with a small son are employed to look after a resort hotel high in the Colorado mountains. As a result, they are the sole occupants during the long winter. The hotel manager warns them not to accept the job because of a tragedy that occurred during the winter of 1970. (Warner Bros.)"
Aliens,1986,8.4,137,803000,84.0,R,"In this action-packed sequel to Alien, Sigourney Weaver returns as Ripley, the only survivor from mankind's first encounter with the monstrous Alien. Her account of the Alien and the fate of her crew are received with skepticism - until the mysterious disappearance of colonists on LV-426 leads her to join a team of high-tech colonial marines sent in to investigate. [20th Century Fox]"
Inglourious Basterds,2009,8.4,153,1700000,69.0,R,"In the first year of the German occupation of France, Shosanna Dreyfus witnesses the execution of her family at the hand of Nazi Colonel Hans Landa. Shosanna narrowly escapes and flees to Paris where she forges a new identity as the owner and operator of a cinema. Elsewhere in Europe, lieutenant Aldo Raine organizes a group of Jewish American soldiers to perform swift, shocking acts of retribution. Later known to their enemy as ""the basterds,"" Raine's squad joins German actress and undercover agent Bridget von Hammersmark on a mission to take down the leaders of the Third Reich. Fates converge under a cinema marquis, where Shosanna is poised to carry out a revenge plan of her own. [The Weinstein Company]"
The Dark Knight Rises,2012,8.4,164,1900000,78.0,TV-14,"It has been eight years since Batman vanished into the night, turning, in that instant, from hero to fugitive. Assuming the blame for the death of D.A. Harvey Dent, the Dark Knight sacrificed everything for what he and Commissioner Gordon both hoped was the greater good. For a time the lie worked, as criminal activity in Gotham City was crushed under the weight of the anti-crime Dent Act. But everything will change with the arrival of a cunning cat burglar with a mysterious agenda. Far more dangerous, however, is the emergence of Bane, a masked terrorist whose ruthless plans for Gotham drive Bruce out of his self-imposed exile. But even if he dons the cape and cowl again, Batman may be no match for Bane. (Warner Bros. Pictures)"
Coco,2017,8.4,105,640000,81.0,TV-G,"Despite his family’s baffling generations-old ban on music, Miguel (Anthony Gonzalez) dreams of becoming an accomplished musician like his idol, Ernesto de la Cruz (Benjamin Bratt). Desperate to prove his talent, Miguel finds himself in the stunning and colourful Land of the Dead following a mysterious chain of events. Along the way, he meets charming trickster Hector (Gael García Bernal), and together, they set off on an extraordinary journey to unlock the real story behind Miguel's family history."
Amadeus,1984,8.4,160,445000,87.0,TV-14,Amadeus portrays the rivalry between the genius Mozart (Tom Hulce) and the jealous court composer (F.Murray Abraham) who may have ruined Mozart's career and shortened his life.
Toy Story,1995,8.3,81,1100000,96.0,TV-Y7,"Led by Woody, Andy's toys live happily in his room until Andy's birthday brings Buzz Lightyear onto the scene. Afraid of losing his place in Andy's heart, Woody plots against Buzz. But when circumstances separate Buzz and Woody from their owner, the duo eventually learns to put aside their differences. [Pixar]"
Avengers: Endgame,2019,8.4,181,1300000,78.0,PG-13,The grave course of events set in motion by Thanos that wiped out half the universe and fractured the Avengers ranks compels the remaining Avengers to take one final stand in Marvel Studios’ grand conclusion to twenty-two films.
Oldboy,2003,8.3,120,671000,78.0,R,"Oh Dae-su (Choi Min-sik) is an ordinary Seoul businessman with a wife and little daughter who, after a drunken night on the town, is locked up in a strange, private ""prison."" No one will tell him why he's there or who his jailer is. The imprisonment last for 15 years until one day when Dae-su finds himself unexpectedly deposited on a grass-covered high-rise roof, determined to discover the mysterious enemy who had him locked up.  (Tartan Films)"
Oldboy,2003,8.3,120,671000,49.0,TV-MA,"An advertising executive is kidnapped and held hostage for 20 years in solitary confinement. When he is inexplicably released, he embarks on an obsessive mission to discover who orchestrated his punishment, only to find he is still trapped in a web of conspiracy and torment. [Film District]"
Good Will Hunting,1997,8.3,126,1100000,71.0,R,"Will Hunting (Matt Damon) is a brilliant mathematician, but also an angry young man. To avoid jail time, he agrees to work with Sean (Robin Williams) a therapist who comes from the same tough Boston neighborhood."
Dr. Strangelove or: How I Learned to Stop Worrying and Love the Bomb,1964,8.3,95,535000,97.0,TV-PG,"Through a series of military and political accidents, a psychotic general - U.S. Air Force Commander Jack D. Ripper (Hayden) - triggers an ingenious, irrevocable scheme to attack Russia's strategic targets with nuclear bombs. The U.S. President (Sellers) and Dr. Strangelove (Sellers), a wheelchair-bound nuclear scientist who has bizarre ideas about man's future, work with the Soviet premier in a desperate effort to save the world."
American Beauty,1999,8.3,122,1200000,84.0,TV-MA,"Provoked by forbidden passions, Lester Burnham (Spacey) decides to make a few changes in his rut of a life, changes that are less midlife crisis than adolescence reborn. The freer he gets, the happier he gets, which is even more maddening to his wife, Carolyn (Bening), and daughter Jane (Birch) --especially when he turns his lustful gaze toward Jane's friend, the sultry Angela (Suvari).  (Dreamworks SKG)"
Das Boot,1981,8.4,149,277000,85.0,R,"It is 1942 and the German submarine fleet is heavily engaged in the so called ""Battle of the Atlantic"" to harass and destroy English shipping. With better escorts of the Destroyer Class, however, German U-Boats have begun to take heavy losses. Das Boot is the story of one such U-Boat crew, with the film examining how these submariners maintained their professionalism as soldiers, attempted to accomplish impossible missions, while all the time attempting to understand and obey the ideology of the government under which they served. (Sony Pictures)"
Braveheart,1995,8.3,178,1100000,68.0,TV-MA,"Scottish national hero Sir William Wallace (Gibson), leads a 13th-century rebellion against landowning English nobles."
Princess Mononoke,1997,8.3,133,455000,76.0,TV-14,The mythological tale of a war between encroaching civilization and the beast gods of the forest.  (Miramax)
Your Name.,2016,8.4,106,349000,81.0,PG,"The day the stars fell, two lives changed forever. High schoolers Mitsuha and Taki are complete strangers living separate lives. But one night, they suddenly switch places. Mitsuha wakes up in Taki’s body, and he in hers. This bizarre occurrence continues to happen randomly, and the two must adjust their lives around each other. Yet, somehow, it works. They build a connection and communicate by leaving notes, messages, and more importantly, an imprint. When a dazzling comet lights up the night’s sky, it dawns on them. They want something more from this connection—a chance to meet, an opportunity to truly know each other. Tugging at the string of fate, they try to find a way to each other. But distance isn’t the only thing keeping them apart. Is their bond strong enough to face the cruel irony of time? Or is their meeting nothing more than a wish upon the stars? [FUNimation]"
High and Low,1963,8.4,143,59000,90.0,Not,An executive of a Yokohama shoe company becomes a victim of extortion when his chauffeur's son is kidnapped by mistake and held for ransom.
Joker,2019,8.3,122,1600000,59.0,TV-14,"Arthur Fleck (Joaquin Phoenix) is struggling to find his way in Gotham’s fractured society.  A clown-for-hire by day, he aspires to be a stand-up comic at night…but finds the joke always seems to be on him.  Caught in a cyclical existence between apathy and cruelty, Arthur makes one bad decision that brings about a chain reaction of escalating events."
Once Upon a Time in America,1984,8.3,229,392000,75.0,TV-MA,"A former Prohibition-era Jewish gangster returns to the Lower East Side of Manhattan over thirty years later, where he once again must confront the ghosts and regrets of his old life."
Capernaum,2018,8.4,126,114000,75.0,R,"Capernaum (Chaos) tells the story of Zain (Zain al Rafeea), a Lebanese boy who sues his parents for the ""crime"" of giving him life. Capernaum follows Zain, a gutsy streetwise child as he flees his negligent parents, survives through his wits on the streets, takes care of Ethiopian refugee Rahil (Yordanos Shiferaw) and her baby son, Yonas (Boluwatife Treasure Bankole), being jailed for a crime, and finally, seeks justice in a courtroom. [Sony Pictures Classics]"
Singin' in the Rain,1952,8.3,103,270000,99.0,Passed,A silent film production company and cast make a difficult transition to sound.
Requiem for a Dream,2000,8.3,102,932000,71.0,Unrated,"This modern-day fable is set on the rusted mean streets of Coney Island, Brooklyn.  The dual storyline parallels four people who set out in pursuit of a better life.  [Artisan Entertainment]"
Toy Story 3,2010,8.3,103,924000,92.0,G,"Toy Story 3 is a comical new adventure in Disney Digital 3D that lands the toys in a room full of untamed tots who can't wait to get their sticky little fingers on these ""new"" toys. It's pandemonium as they try to stay together, ensuring ""no toy gets left behind."" Meanwhile, Barbie comes face to plastic face with Ken (yes, that Ken). [Disney, Pixar]"
Star Wars: Episode VI - Return of the Jedi,1983,8.3,131,1200000,58.0,TV-PG,"The Millennnium Falcon flashes through hyperspace and creatures from all over the galaxy defy the Galactic Empire. After rescuing Han Solo (Harrison Ford) and Leia (Carrie Fisher) from certain doom at the hands of crime lord Jabba the Hutt, Luke (Mark Hamill) rejoins Yoda. Only by completing his Jedi training can he become a true Jedi Knight and defeat Darth Vader and the dark side of the Force."
The Hunt,2012,8.3,115,384000,77.0,R,"A teacher lives a lonely life, all the while struggling over his son's custody. His life slowly gets better as he finds love and receives good news from his son, but his new luck is about to be brutally shattered by a lie."
The Hunt,2012,8.3,115,384000,50.0,R,"Twelve strangers wake up in a clearing. They don’t know where they are, or how they got there. They don't know they’ve been chosen… for a very specific purpose … The Hunt."
Eternal Sunshine of the Spotless Mind,2004,8.3,108,1100000,89.0,R,"Joel (Carrey) is stunned to discover that his girlfriend Clementine (Winslet) has had her memories of their tumultuous relationship erased.  Out of desperation, he contacts the inventor of the process, Dr. Howard Mierzwiak (Wilkinson), to have Clementine removed from his own memory.  But as Joel's memories progressively disappear, he begins to rediscover his love for Clementine.  (Focus Features)"
Ikiru,1952,8.3,143,95000,92.0,Not,A bureaucrat tries to find meaning in his life after he discovers he has terminal cancer.
2001: A Space Odyssey,1968,8.3,149,747000,84.0,TV-PG,"2001: A Space Odyssey is a countdown to tomorrow, a road map to human destiny, a quest for the infinite. To begin his voyage into the future, Kubrick visits our prehistoric ape-ancestry past, then leaps millenia (via one of the most mind-blowing jump cuts ever conceived) into colonized space, and ultimately whisks astronaut Bowman (Dullea) into uncharted realms of space, perhaps even into immortality. ""Open the pod bay doors, HAL."" Let the awe and mystery of a journey unlike any other begin. (Warner Bros.)"
Reservoir Dogs,1992,8.3,99,1100000,81.0,TV-MA,Quentin Tarantino's debut cult classic chronicles a jewelry heist gone wrong.  (Miramax Films)
The Apartment,1960,8.3,125,207000,94.0,Approved,"A man tries to rise in his company by letting its executives use his apartment for trysts, but complications and a romance of his own ensue."
Incendies,2010,8.3,131,223000,80.0,R,"When notary Lebel sits down with Jeanne and Simon Marwan to read them their mother Nawal’s will, the twins are stunned to receive a pair of envelopes – one for  the father they thought was dead and another for a brother they didn’t know existed.  In this enigmatic inheritance, Jeanne sees the key to Nawal’s retreat into unexplained silence during the final weeks of her life. With Lebel’s help, the twins piece together the story of the woman who brought them into the world, discovering a tragic fate as well as the courage of an exceptional woman. (Sony Pictures Classics)"
Scarface,1983,8.3,170,955000,90.0,PG,"An ambitious and nearly insane violent gangster climbs the ladder of success in the mob, but his weaknesses prove to be his downfall."
Scarface,1983,8.3,170,955000,65.0,TV-14,Cuban immigrant Tony Montana (Pacino) builds a Miami drug empire in the 1980s.
Double Indemnity,1944,8.3,107,174000,95.0,Passed,An insurance representative lets himself be talked into a murder/insurance fraud scheme that arouses an insurance investigator's suspicions.
North by Northwest,1959,8.3,136,358000,98.0,Approved,"A hapless New York advertising executive is mistaken for a government agent by a group of foreign spies, and is pursued across the country while he looks for a way to survive."
Heat,1995,8.3,170,748000,76.0,TV-14,A riveting story about an intense rivalry between expert thief Neil McCauley (Robert De Niro) and volatile cop Vincent Hanna (Al Pacino).
Citizen Kane,1941,8.3,119,478000,100.0,TV-PG,"Following the death of a publishing tycoon, news reporters scramble to discover the meaning of his final utterance."
Up,2009,8.3,96,1200000,88.0,TV-G,"Up is a comedy adventure about 78-year-old balloon salesman Carl Fredricksen, who finally fulfills his lifelong dream of a great adventure when he ties thousands of balloons to his house and flies away to the wilds of South America. But he discovers all too late that his biggest nightmare has stowed away on the trip: an overly optimistic 9-year-old Wilderness Explorer named Russell. (Walt Disney Pictures)"
Full Metal Jacket,1987,8.2,116,816000,78.0,TV-MA,The story of an 18-year-old marine recruit named Private Joker - from his carnage-and-machismo boot camp to his climactic involvement in the heavy fighting in Hue during the 1968 Tet Offensive. [Warner Bros.]
Vertigo,1958,8.3,128,442000,100.0,TV-PG,"Vertigo creates a dizzying web of mistaken identity, passion and murder after an acrophobic detective rescues a mysterious blonde from the bay. [Universal Pictures]"
Amélie,2001,8.3,122,814000,70.0,R,"Amélie, a young waitress in a tiny Parisian café, discovers an old box of childhood treasures hidden beneath her apartment floorboards which leads her on an odyssey to transform the lives of her neighbors, and perhaps even her own."
A Clockwork Orange,1971,8.2,136,906000,77.0,TV-MA,"Kubrick makes of Anthony Burgess' celebrated novel a savage and satiric morality play centering on Alex (McDowell), who fights, robs, rapes and kills like any concsienceless predator. Captured and imprisoned, he undergoes treatment to condition him ""safe"", a ""clockwork orange"" healthy and whole on the outside - but crippled within by reflex mechanisms beyond his control. (Warner Bros.)"
To Kill a Mockingbird,1962,8.3,129,341000,88.0,TV-PG,"Atticus Finch, a lawyer in the Depression-era South, defends a black man against an undeserved rape charge, and his kids against prejudice."
Oppenheimer,2023,8.3,180,860000,90.0,R,The story of American scientist J. Robert Oppenheimer and his role in the development of the atomic bomb.
A Separation,2011,8.3,123,267000,95.0,PG-13,"Set in contemporary Iran, A Separation is a compelling drama about the dissolution of a marriage. Simin wants to leave Iran with her husband Nader and daughter Termeh. Simin sues for divorce when Nader refuses to leave behind his Alzheimer-suffering father. Her request having failed, Simin returns to her parents' home, but Termeh decides to stay with Nader. When Nader hires a young woman to assist with his father in his wife's absence, he hopes that his life will return to a normal state. However, when he discovers that the new maid has been lying to him, he realizes that there is more on the line than just his marriage. [Sony Pictures Classic]"
Die Hard,1988,8.2,132,984000,72.0,TV-14,"When terrorists take over a Los Angeles skyscraper on Christmas Eve, visting New York cop John McClane (Willis) thwarts their plans."
The Sting,1973,8.3,129,288000,83.0,PG,"In Chicago of September 1936, a young con man seeks revenge for his murdered by teaming up with a master of the big con to win a fortune from a criminal banker."
Indiana Jones and the Last Crusade,1989,8.2,127,833000,65.0,PG-13,"When Dr. Henry Jones Sr. suddenly goes missing while pursuing the Holy Grail, eminent archaeologist Indiana Jones must follow in his father's footsteps and stop the Nazis."
Metropolis,1927,8.3,153,193000,75.0,TV-14,"This Japanese anime, set in the future, depicts a grand city-state populated by humans and robots, the cohabitants of a strictly segmented society.  (Sony)"
1917,2019,8.2,119,719000,78.0,TV-MA,"At the height of the First World War, two young British soldiers, Schofield (George MacKay) and Blake (Dean-Charles Chapman) are given a seemingly impossible mission. In a race against time, they must cross enemy territory and deliver a message that will stop a deadly attack on hundreds of soldiers—Blake’s own brother among them."
L.A. Confidential,1997,8.2,138,637000,91.0,TV-14,"Based on James Ellroy's novel about the movie industry, corrupt cops, tabloid journalism, gangsters and sexual obsessions of every stripe, L.A. Confidential is set in 1950's Los Angeles."
Downfall,2004,8.2,156,386000,82.0,R,A portrait of Hitler's final days in his Berlin bunker at the end of WWII.
Taxi Driver,1976,8.2,114,969000,94.0,TV-MA,Scorsese’s 1976 masterpiece is the all-too-real story of a psychotic New York cabby who is driven to violence in an attempt to rescue a teenage prostitute.  [Sony]
Hamilton,2020,8.3,160,125000,88.0,PG-13,"The real life of one of America's foremost founding fathers and first Secretary of the Treasury, Alexander Hamilton. Filmed live on Broadway from the Richard Rodgers Theatre with the original Broadway cast."
The Wolf of Wall Street,2013,8.2,180,1700000,75.0,TV-MA,"An adaptation of Jordan Belfort's memoir chronicling his rise and fall on Wall Street and his hard-partying, addiction-fueled personal life."
Batman Begins,2005,8.2,140,1600000,70.0,TV-14,Christopher Nolan's Batman Begins explores the origins of the Batman legend and the Dark Knight's emergence as a force for good in Gotham.  [Warner Bros.]
Green Book,2018,8.2,130,625000,69.0,TV-14,"When Tony Lip (Viggo Mortensen), a bouncer from an Italian-American neighborhood in the Bronx, is hired to drive Dr. Don Shirley (Mahershala Ali), a world-class black pianist, on a concert tour from Manhattan to the Deep South, they must rely on The Green Book to guide them to the few establishments that were then safe for African-Americans.  Confronted with racism, danger-as well as unexpected humanity and humor-they are forced to set aside differences to survive and thrive on the journey of a lifetime. [Universal Pictures]"
For a Few Dollars More,1965,8.2,132,286000,74.0,TV-14,Two bounty hunters with the same intentions team up to track down a Western outlaw.
I'm Still Here,2024,8.6,137,86000,85.0,PG-13,"Brazil, 1971: a country in the tightening grip of a military dictatorship. A mother is forced to reinvent herself when her family’s life is shattered by an act of arbitrary violence. Based on Marcelo Rubens Paiva's best-selling memoir."
I'm Still Here,2024,8.6,137,86000,48.0,R,"The directorial debut of Oscar-nominated actor Casey Affleck, I'm Still Here is a striking portrayal of a tumultuous year in the life of internationally acclaimed actor Joaquin Phoenix. With remarkable access, I'm Still Here follows the Oscar-nominee as he announces his retirement from a successful film career in the fall of 2008 and sets off to reinvent himself as a hip hop musician. Sometimes funny, sometimes shocking, and always riveting, the film is a portrait of an artist at a crossroads. Defying expectations, it deftly explores notions of courage and creative reinvention, as well as the ramifications of a life spent in the public eye. (Magnolia Pictures)"
Some Like It Hot,1959,8.2,121,293000,98.0,Passed,"When two male musicians witness a mob hit, they flee the state in an all-female band disguised as women, but further complications set in."
Judgment at Nuremberg,1961,8.3,179,90000,60.0,Approved,"In 1948, an American court in occupied Germany tries four Nazi judges for war crimes."
The Truman Show,1998,8.2,103,1300000,90.0,PG,"Twenty-nine years ago, a baby boy was adopted by the OmniCam Corporation to become the subject of the most popular television show of all time. His name is Truman Burbank.  (Paramount Pictures)"
The Kid,1921,8.2,68,140000,51.0,R,"A young boy, Rio (Jake Schur), is forced to go on the run across the American Southwest in a desperate attempt to save his sister (Leila George) from his villainous uncle (Chris Pratt). Along the way, he encounters Sheriff Pat Garrett (Ethan Hawke), on the hunt for the infamous outlaw Billy the Kid (Dane DeHaan). Rio finds himself increasingly entwined in the lives of these two legendary figures as the cat and mouse game of Billy the Kid’s final year of life plays out. Ultimately Rio is forced to choose which type of man he is going to become, the outlaw or the man of valor, and will use this self-realization in a final act to save his family."
The Kid,1921,8.2,68,140000,45.0,TV-G,"Sent from the 1970's to the present to help his older self, a kid (Breslin), now an unhappy image consultant (Willis), gets in touch with who he used to be."
Shutter Island,2010,8.2,138,1500000,63.0,R,"Shutter Island is the story of two U.S. marshals, Teddy Daniels and Chuck Aule, who are summoned to a remote and barren island off the cost of Massachusetts to investigate the mysterious disappearance of a murderess from the island's fortress-like hospital for the criminally insane. (Paramount Pictures)"
The Father,2020,8.2,97,209000,88.0,PG-13,"Anthony is 80, mischievous, living defiantly alone and rejecting the carers that his daughter, Anne, encouragingly introduces. Yet help is also becoming a necessity for Anne; she can’t make daily visits anymore and Anthony's grip on reality is unravelling. As we experience the ebb and flow of his memory, how much of his own identity and past can Anthony cling to? How does Anne cope as she grieves the loss of her father, while he still lives and breathes before her?"
All About Eve,1950,8.2,138,143000,98.0,Passed,An ingenue insinuates herself into the company of an established but aging stage actress and her circle of theater friends.
There Will Be Blood,2007,8.2,158,665000,93.0,R,"When Daniel Plainview gets a mysterious tip-off that there's a little town out West where an ocean of oil is oozing out of the ground, he heads there with his son, H.W., to take their chances in dust-worn Little Boston. In this hardscrabble town, where the main excitement centers around the Holy Roller church of charismatic preacher Eli Sunday, Plainview and H.W. make their lucky strike. But even as the well raises all of their fortunes, nothing will remain the same as conflicts escalate and every human value—love, hope, community, belief, ambition, and even the bond between father and son—is imperiled by corruption, deception, and the flow of oil. [Paramount Vantage]"
Jurassic Park,1993,8.2,127,1100000,68.0,PG-13,"Featuring incredible special effects and action-packed drama, Jurassic Park takes you to a remote island where an amazing theme park with living dinosaurs is about to turn deadly, as five people must battle to survive among the prehistoric predators. [Universal Pictures]"
Casino,1995,8.2,178,587000,73.0,TV-14,"A in-depth look at the operation of a Las Vegas casino in the 1970s, Scorsese's film chronicles the rise and fall of casino manager Ace Rothstein (Robert De Niro)."
The Sixth Sense,1999,8.2,107,1100000,64.0,PG-13,"In this chilling, psychological thriller, 8-year-old Cole Sear (Osment) is haunted by a dark secret: he is visited by ghosts. Confused by his paranormal powers, Cole is too young to understand his purpose and too afraid to tell anyone about his anguish, except child psychologist Dr. Malcolm Crowe (Willis). As Dr. Crowe tries to uncover the ominous truth about Cole's supernatural abilities, the consequences for client and therapist are a jolt that awakens them both to something harrowing...and unexplainable. (Hollywood Pictures)"
Ran,1985,8.2,160,142000,97.0,R,"An adaptation of William Shakespeare’s King Lear, Ran considers the disastrous consequences of Lord Hidetora Ichimonji’s (Tatsuya Nakadai) decision to split his kingdom among his three sons."
Top Gun: Maverick,2022,8.2,130,761000,78.0,PG-13,"After more than thirty years of service as one of the Navy’s top aviators, Pete “Maverick” Mitchell (Tom Cruise) is where he belongs, pushing the envelope as a courageous test pilot and dodging the advancement in rank that would ground him. When he finds himself training a detachment of Top Gun graduates for a specialized mission the likes of which no living pilot has ever seen, Maverick encounters Lt. Bradley Bradshaw (Miles Teller), call sign: “Rooster,” the son of Maverick’s late friend and Radar Intercept Officer Lt. Nick Bradshaw, aka “Goose.”  Facing an uncertain future and confronting the ghosts of his past, Maverick is drawn into a confrontation with his own deepest fears, culminating in a mission that demands the ultimate sacrifice from those who will be chosen to fly it."
No Country for Old Men,2007,8.2,122,1100000,92.0,R,"The time is our own, when rustlers have given way to drug runners and small towns have become free-fire zones. The story begins when Llewelyn Moss finds a pickup truck surrounded by a sentry of dead men. A load of heroin and 2 million dollars in cash are still in the back. When Moss takes the money, he sets off a chain reaction of catastrophic violence that not even the law, in the person of aging, disillusioned Sheriff Bell, can contain. As Moss tries to evade his pursuers--in particular, a mysterious mastermind who flips coins for human lives--the film simultaneously strips down the American crime drama and broadens its concerns to encompass themes as ancient as the Bible and as bloodily contemporary as this morning's headline. (Miramax)"
The Thing,1982,8.2,109,493000,57.0,TV-MA,A research facility in Antarctica comes across an alien force that can become anything it touches with 100% accuracy. The members must now find out who's human and who's not before it's too late.
The Thing,1982,8.2,109,493000,49.0,16+,"Paleontologist Kate Lloyd has traveled to the desolate region for the expedition of her lifetime. Joining a Norwegian scientific team that has stumbled across an extraterrestrial ship buried in the ice, she discovers an organism that seems to have died in the crash eons ago. But it is about to wake up. When a simple experiment frees the alien from its frozen prison, Kate must join the crew's pilot, Carter, to keep it from killing them off one at a time. And in this vast, intense land, a parasite that can mimic anything it touches will pit human against human as it tries to survive and flourish. (Universal Pictures)"
Pan's Labyrinth,2006,8.2,118,721000,98.0,TV-14,"Following a bloody civil war, young Ofelia enters a world of unimaginable cruelty when she moves in with her new stepfather, a tyrannical military officer. Armed with only her imagination, Ofelia discovers a mysterious labyrinth and meets a faun who sets her on a path to saving herself and her ailing mother. But soon, the lines between fantasy and reality begin to blur, and before Ofelia can turn back, she finds herself at the center of a ferocious battle between good and evil. [Warner Bros.]"
Unforgiven,1992,8.2,130,450000,85.0,TV-14,"In this Academy Award winning western, Eastwood and Freeman are down-on-their-luck outlaws who pick up their guns one last time in order to collect a bounty offered by the vengeful prostitutes of remote Big Whiskey, Wyoming."
A Beautiful Mind,2001,8.2,135,1000000,72.0,TV-14,"A human drama about the struggle of a true genius, inspired by events in the life of John Forbes Nash, Jr.  [Universal Pictures]"
Kill Bill: Vol. 1,2003,8.2,111,1200000,69.0,R,An epic tale of one woman's quest for justice presented in two installments.  (Miramax)
The Treasure of the Sierra Madre,1948,8.2,126,136000,98.0,Passed,"Fred Dobbs and Bob Curtin, two Americans searching for work in Mexico, convince an old prospector to help them mine for gold in the Sierra Madre Mountains."
Yojimbo,1961,8.2,110,136000,93.0,Not,A crafty ronin comes to a town divided by two criminal gangs and decides to play them against each other to free the town.
Prisoners,2013,8.2,153,860000,70.0,R,"How far would you go to protect your family? Keller Dover is facing every parent's worst nightmare. His six-year-old daughter, Anna, is missing, together with her young friend, Joy, and as minutes turn to hours, panic sets in. The only lead is a dilapidated RV that had earlier been parked on their street. Heading the investigation, Detective Loki arrests its driver, Alex Jones, but a lack of evidence forces his release. As the police pursue multiple leads and pressure mounts, knowing his child's life is at stake the frantic Dover decides he has no choice but to take matters into his own hands. But just how far will this desperate father go to protect his family?"
Finding Nemo,2003,8.2,100,1200000,90.0,TV-Y7,This visually stunning underwater adventure follows the comedic and eventful journeys of two fish - a father and his son Nemo - who become separated in the Great Barrier Reef.  [Disney/Pixar]
The Great Escape,1963,8.2,172,266000,86.0,Approved,Allied prisoners of war plan for several hundred of their number to escape from a German camp during World War II.
Monty Python and the Holy Grail,1975,8.2,91,584000,91.0,TV-PG,"The Monty Python team are at it again in their second movie. This time we follow King Arthur and his knights in their search for the Holy Grail. This isn't your average medieval knights and horses story - for a start, due to a shortage in the kingdom, all the horses have been replaced by servants clopping coconuts together!"
Howl's Moving Castle,2004,8.2,119,477000,82.0,TV-PG,An amazing new animated adventure that celebrates the power of love to transform and the resiliency of the human spirit in the face of adversity.  (Disney)
The Elephant Man,1980,8.2,124,270000,78.0,PG,"A Victorian surgeon rescues a heavily disfigured man who is mistreated while scraping a living as a side-show freak. Behind his monstrous facade, there is revealed a person of intelligence and sensitivity."
Dial M for Murder,1954,8.2,105,196000,75.0,PG,"When American writer Mark Halliday (Robert Cummings) visits the very married Margot Wendice (Grace Kelly) in London, he unknowingly sets off a chain of blackmail and murder. After sensing Margot's affections for Halliday, her husband, Tony Wendice (Ray Milland), fears divorce and disinheritance, and plots her death. Knowing former school chum Captain Lesgate is involved in illegal activities, Tony blackmails him into conspiring to kill Margot. When she kills Lesgate in self-defense, Tony implicates her as being guilty of premeditated murder. Halliday must out-stratagize Tony to save Margot's live. [Warner Bros.]"
Gone with the Wind,1939,8.2,238,344000,97.0,Passed,"A Southern belle struggles with the devastation of the Civil War and Reconstruction. This classic won 8 Academy Awards, including Best Picture."
Rashomon,1950,8.2,88,188000,98.0,Not,"The rape of a bride and the murder of her samurai husband are recalled from the perspectives of a bandit, the bride, the samurai's ghost and a woodcutter."
Chinatown,1974,8.1,130,362000,92.0,TV-14,"Jack Nicholson is private-eye Jake Gittes, living off the murky moral climate of sunbaked, pre-war Southern California. Hired by a beautiful socialite to investigate her husband's extramarital affair, Gittes is swept into a maelstrom of double dealings and deadly deceits, uncovering a web of personal and political scandals that come crashing together for one, unforgettable night in Chinatown. (Paramount)"
Klaus,2019,8.2,96,211000,65.0,PG,"When Jesper (Jason Schwartzman) distinguishes himself as the postal academy’s worst student, he is stationed on a frozen island above the Arctic Circle, where the feuding locals hardly exchange words let alone letters. Jesper is about to give up when he finds an ally in local teacher Alva (Rashida Jones), and discovers Klaus (Oscar winner J.K. Simmons), a mysterious carpenter who lives alone in a cabin full of handmade toys. These unlikely friendships return laughter to Smeerensburg, forging a new legacy of generous neighbors, magical lore and stockings hung by the chimney with care. [Netflix]"
The Secret in Their Eyes,2009,8.2,129,231000,80.0,R,"Recently retired criminal court investigator Benjamin, decides to write a novel based on a twenty-five year old unresolved rape and murder case, which still haunts him. Sharing his plans with Irene, the beautiful judge and former colleague he has secretly been in love with for years, Benjamin’s initial involvement with the case is shown through flashbacks, as he sets out to identify the murderer. But Benjamin’s search for the truth will put him at the center of a judicial nightmare, as the mystery of the heinous crime continues to unfold in the present, testing the limits of a man seeking justice and personal fulfillment at last. (Sony Pictures Classics)"
"Lock, Stock and Two Smoking Barrels",1998,8.1,107,632000,67.0,R,"In this wild comedy of errors, a group of London friends find themselves deep in debt to an unsavory underworld figure."
V for Vendetta,2005,8.1,132,1200000,62.0,R,"Set against the futuristic landscape of totalitarian Britain, V for Vendetta tells the story of a mild-mannered young woman named Evey (Portman) who is rescued from a life-and-death situation by a masked man (Weaving) known only as ""V."" Incomparably charismatic and ferociously skilled in the art of combat and deception, V ignites a revolution when he urges his fellow citizens to rise up against tyranny and oppression. As Evey uncovers the truth about V's mysterious background, she also discovers the truth about herself -- and emerges as his unlikely ally in the culmination of his plan to bring freedom and justice back to a society fraught with cruelty and corruption.  (Warner Bros.)"
Inside Out,2015,8.1,95,857000,94.0,TV-PG,"Growing up can be a bumpy road, and it’s no exception for Riley, who is uprooted from her Midwest life when her father starts a new job in San Francisco. Like all of us, Riley is guided by her emotions: Joy (Amy Poehler), Fear (Bill Hader), Anger (Lewis Black), Disgust (Mindy Kaling) and Sadness (Phyllis Smith). The emotions live in Headquarters, the control center inside Riley’s mind, where they help advise her through everyday life. As Riley and her emotions struggle to adjust to a new life in San Francisco, turmoil ensues in Headquarters. Although Joy, Riley’s main and most important emotion, tries to keep things positive, the emotions conflict on how best to navigate a new city, house, and school. [Pixar]"
Inside Out,2015,8.1,95,857000,28.0,PG-13,"AJ always wanted a nice, quiet life.  For the past 10 years, his best friend Jack has been living it for him.  Now, after paying his debt, AJ is finally coming home – but he’s about to learn getting out of prison doesn’t mean you’re free. When Jack finds himself in the crosshairs of the local crime boss, AJ must revisit the sin s of his past to protect the people he loves. (World Wrestling Entertainment)"
The Wild Robot,2024,8.2,102,146000,85.0,PG,"A robot—ROZZUM unit 7134, “Roz” for short — is shipwrecked on an uninhabited island and must learn to adapt to the harsh surroundings, gradually building relationships with the animals on the island and becoming the adoptive parent of an orphaned gosling."
"Three Billboards Outside Ebbing, Missouri",2017,8.1,115,577000,88.0,R,"After months have passed without a culprit in her daughter’s murder case, Mildred Hayes (Frances McDormand) makes a bold move, painting three signs leading into her town with a controversial message directed at William Willoughby (Woody Harrelson), the town's revered chief of police. When his second-in-command Officer Dixon (Sam Rockwell), an immature mother’s boy with a penchant for violence, gets involved, the battle between Mildred and Ebbing's law enforcement is only exacerbated."
The Bridge on the River Kwai,1957,8.1,161,240000,88.0,TV-PG,"After settling his differences with a Japanese PoW camp commander, a British colonel co-operates to oversee his men's construction of a railway bridge for their captors - while oblivious to a plan by the Allies to destroy it."
Trainspotting,1996,8.1,93,745000,83.0,TV-14,"Renton (Ewan McGregor), a twenty-something junkie, is deeply immersed in the Edinburgh drug scene. He must choose to clean up and get out, or continue following the allure of the drugs and the influence of friends."
Raging Bull,1980,8.1,129,393000,90.0,R,Scorcese recounts the gritty life self-destructive boxer Jake LaMotta (De Niro) who never backs down from a fight on his way to a middleweight title shot.
Catch Me If You Can,2002,8.1,141,1200000,75.0,PG-13,"Frank W. Abagnale (DiCaprio) worked as a doctor, a lawyer and as a co-pilot for a major airline -- all before his 21st birthday.  A master of deception, he was also a brilliant forger, whose skill at check fraud had netted him millions of dollars in stolen funds.  FBI agent Carl Hanratty (Hanks) has made it his prime mission to capture Frank and bring him to justice, but Frank is always one step ahead of him, baiting him to continue the chase. [DreamWorks]"
Fargo,1996,8.1,98,750000,88.0,TV-14,"Jerry Lundegaard (William H. Macy) is a car salesman in Minneapolis who has landed himself deep into debt. Desperate for money, he hires two inept crooks to kidnap his own wife in the hope that her wealthy father will pay the ransom, giving him enough cash to pay off his associates and clear his debts."
Warrior,2011,8.1,140,511000,71.0,PG-13,"An ex-Marine haunted by a tragic past, Tommy Riordan returns to his hometown of Pittsburgh and enlists his father, a recovered alcoholic and his former coach, to train him for an MMA tournament awarding the biggest purse in the history of the sport. As Tommy blazes a violent path towards the title prize, his brother, Brendan, a former MMA fighter unable to make ends meet as a public school teacher, returns to the amateur ring to provide for his family. Even though years have passed, recriminations and past betrayals keep Brendan bitterly estranged from both Tommy and his father. But when Brendan's unlikely rise as an underdog sets him on a collision course with Tommy, the two brothers must finally confront the forces that tore them apart, all the while waging the most intense, winner-takes-all battle of their lives. (Lionsgate)"
Harry Potter and the Deathly Hallows: Part 2,2011,8.1,130,988000,85.0,TV-14,"In Part 2 of the epic finale, the battle between the good and evil forces of the Wizarding world escalates into an all-out war. The stakes have never been higher and no one is safe. But it is Harry Potter who may be called upon to make the ultimate sacrifice as he draws closer to the climactic showdown with Lord Voldemort. It all ends here. (Warner Bros. Pictures)"
Gran Torino,2008,8.1,116,834000,73.0,R,"Retired auto worker Walt Kowalski fills his days with home repair, beer and monthly trips to the barber. The people he once called his neighbors have all moved or passed away, replaced by Hmong immigrants, from Southeast Asia, he despises. Resentful of virtually everything he sees--Walt is just waiting out the rest of his life. Until the night someone tries to steal his `72 Gran Torino.  The Gran Torino brings his shy teenaged neighbor Thao into his life when Hmong gangbangers pressure the boy into trying to steal it. But Walt stands in the way of both the heist and the gang, making him the reluctant hero of the neighborhood--especially to Thao's mother and older sister, Sue, who insist that Thao work for Walt as a way to make amends. Though he initially wants nothing to do with these people, Walt eventually gives in and puts the boy to work fixing up the neighborhood, setting into motion an unlikely friendship that will change both their lives. (Warner Bros. Pictures)"
Million Dollar Baby,2004,8.1,132,742000,86.0,TV-14,Two retired boxers who run a Los Angeles gym are caught off guard when a woman approaches them with her dream of stepping into the ring.
Spider-Man: No Way Home,2021,8.2,148,937000,71.0,PG-13,"For the first time in the cinematic history of Spider-Man, our friendly neighborhood hero is unmasked and no longer able to separate his normal life from the high-stakes of being a Super Hero. When he asks for help from Doctor Strange the stakes become even more dangerous, forcing him to discover what it truly means to be Spider-Man."
My Neighbor Totoro,1988,8.1,86,402000,87.0,TV-Y7-FV,"When two girls move to the country to be near their ailing mother, they have adventures with the wondrous forest spirits who live nearby."
Mad Max: Fury Road,2015,8.1,120,1200000,90.0,TV-14,"In the furthest reaches of our planet, in a stark desert landscape where humanity is broken, and everyone is fighting for the necessities of life, there are two rebels who just might be able to restore order—Max (Tom Hardy), a man of action and few words, who seeks peace of mind following the loss of his wife and child in the aftermath of the chaos, and Furiosa (Charlize Theron), a woman of action who believes her path to survival may be achieved if she can make it across the desert back to her childhood homeland."
Ben-Hur,1959,8.1,212,261000,90.0,TV-PG,"When a Jewish prince is betrayed and sent into slavery by a Roman friend, he regains his freedom and comes back for revenge."
Ben-Hur,1959,8.1,212,261000,38.0,PG-13,"Ben-Hur is the epic story of Judah Ben-Hur (Jack Huston), a prince falsely accused of treason by his adopted brother Messala (Toby Kebbell), an officer in the Roman army. Stripped of his title, separated from his family and the woman he loves (Nazanin Boniadi), Judah is forced into slavery. After years at sea, Judah returns to his homeland to seek revenge, but finds redemption. [Paramount Pictures]"
Children of Heaven,1997,8.2,89,85000,77.0,TV-G,"When Ali loses his sister Zahra's school shoes, this young pair dream up a plan to stay out of trouble: they'll share his shoes and keep it a secret from their parents. But if they're going to successfully cover their tracks, Ali and Zahra must carefully watch their step on what rapidly turns into a funny and heartwarming adventure."
Barry Lyndon,1975,8.1,185,191000,89.0,PG,An Irish rogue wins the heart of a rich widow and assumes her dead husband's aristocratic position in 18th-century England.
12 Years a Slave,2013,8.1,134,760000,96.0,TV-14,"In the pre-Civil War United States, Solomon Northup, a free black man living in upstate New York, is abducted and sold into slavery."
Before Sunrise,1995,8.1,101,355000,79.0,R,A romantic look at the relationship between an American traveler and a French grad student who decide to spend a day together in Vienna.
Blade Runner,1982,8.1,117,849000,84.0,R,"In a future of high-tech possibility soured by urban and social decay, detective Rick Deckard hunts for fugitive, murderous replicants—and is drawn to a mystery woman whose secrets may undermine his soul. [Warner Bros.]"
Dead Poets Society,1989,8.1,128,584000,79.0,PG,"Robin Williams stars as John Keating, an unconventional teacher at a conservative New England prep school who inspires his students and encourages them with the rallying call ""carpe diem"" (seize the day)."
The Grand Budapest Hotel,2014,8.1,99,919000,88.0,R,"The Grand Budapest Hotel recounts the adventures of M. Gustave, a legendary concierge at a famous European hotel between the wars, and Zero Moustafa, the lobby boy who becomes his most trusted friend. The story involves the theft and recovery of a priceless Renaissance painting and the battle for an enormous family fortune—all against the back-drop of a suddenly and dramatically changing continent. [Fox Searchlight]"
Hacksaw Ridge,2016,8.1,139,629000,71.0,R,"In Okinawa during the bloodiest battle of WWII, Desmond Doss (Andrew Garfield) saved 75 men without firing or carrying a gun. He was the only American soldier in WWII to fight on the front lines without a weapon, as he believed that while the war was justified, killing was nevertheless wrong. As an army medic, he single-handedly evacuated the wounded from behind enemy lines, braved fire while tending to soldiers and was wounded by a grenade and hit by snipers. Doss was the first conscientious objector awarded the Congressional Medal of Honor."
Gone Girl,2014,8.1,149,1100000,79.0,R,"On the occasion of his fifth wedding anniversary, Nick Dunne (Ben Affleck) reports that his beautiful wife, Amy (Rosamund Pike), has gone missing. Under pressure from the police and a growing media frenzy, Nick's portrait of a blissful union begins to crumble. Soon his lies, deceits and strange behavior have everyone asking the same dark question: Did Nick Dunne kill his wife?"
Memories of Murder,2003,8.1,132,236000,82.0,Not,"Memories of Murder tells the harrowing true story of the hunt for a sadistic serial rapist and murderer terrorizing a small province in 1980s South Korea. Marking the first of many successful collaborations between four-time Oscar winner Bong Joon Ho and leading man Song Kang Ho, the film follows the paths of three increasingly desperate detectives as they attempt to decipher the violent mind of a killer in a futile effort to solve the case. [Neon]"
In the Name of the Father,1993,8.1,133,194000,84.0,R,Academy Award winner Daniel Day-Lewis gives an impassioned performance in this riveting drama that mirrors one man's 15-year struggle and ultimate triumph over a terrible injustice.  [Universal Studios]
"Monsters, Inc.",2001,8.1,92,1000000,79.0,TV-PG,"The Academy Award-winning creators of ""Toy Story"" open the door to a frightfully funny world of monsters and mayhem and scare up lots of laughs in their new movie, Monsters, Inc.  [Disney/Pixar]"
Ratatouille,2007,8.1,111,874000,96.0,TV-G,"Despite his sensational sniffer and sophisticated palate, Remy's dreams of becoming a chef seem hopeless due to one small detail--he's a rat! Through a twist of fate, he ends up in the world-famous restaurant of his late hero, Auguste Gusteau. With a dash of culinary courage and the help of garbage boy Linguini, Remy whips up exquisite meals that impress even the nasty chef Skinner and food critic Anton Ego. Together they conquer the kitchen and prove that big dreams can come true no matter how small you are. [Disney]"
Wild Tales,2014,8.1,122,226000,77.0,R,"Vulnerable in the face of a reality that suddenly shifts and becomes unpredictable, the characters of Wild Tales cross the thin line that divides civilization and barbarism.  A lover's betrayal, a return to a repressed past and the violence woven into everyday life drive the characters to madness as they cede to the undeniable pleasure of losing control."
How to Train Your Dragon,2010,8.1,98,835000,75.0,TV-Y7-FV,"Set in the mythical world of burly Vikings and wild dragons, and based on the book by Cressida Cowell, the action comedy tells the story of Hiccup, a Viking teenager who doesn’t exactly fit in with his tribe's longstanding tradition of heroic dragon slayers. Hiccup's world is turned upside down when he encounters a dragon that challenges he and his fellow Vikings to see the world from an entirely different point of view. [Dreamworks Animation]"
Jaws,1975,8.1,124,688000,87.0,PG,"When the seaside community of Amity finds itself under attack by a dangerous great white shark, the town’s chief of police (Roy Scheider), a young marine biologist (Richard Dreyfuss) and a grizzled shark hunter (Robert Shaw) embark on a desperate quest to destroy the beast before it strikes again. [Universal Pictures]"
The Deer Hunter,1978,8.1,183,373000,90.0,R,"The Deer Hunter tracks a group of steelworker pals from a Pennsylvania blast furnace to the cool hunting grounds of the Alleghenies to the lethal cauldron of Vietnam. Robert De Niro gives an outstanding performance as Michael, the natural leader of the group. The Deer Hunter is a searing drama of friendship and courage - and what happens to these qualities under hardship. [Universal]"
Mary and Max,2009,8.1,92,195000,72.0,Not,"In 1976 Melbourne, a lonely 8-year-old girl strikes up a correspondence with an unlikely pen pal: a severely obese 44-year-old New Yorker with Asperger's syndrome."
The General,1926,8.1,78,102000,81.0,R,"The real-life story of Dublin folk hero and criminal Martin Cahill, who pulled off two daring robberies in Ireland, but attracted unwanted attention from the police, the IRA, the UVF and members of his own team."
Ford v Ferrari,2019,8.1,152,514000,81.0,TV-14,"Visionary American car designer Carroll Shelby (Matt Damon) and fearless British-born driver Ken Miles (Christian Bale) battle corporate interference, the laws of physics, and their own personal demons to build a revolutionary race car for Ford Motor Company and take on the dominating race cars of Enzo Ferrari at the 24 Hours of Le Mans in France in 1966."
On the Waterfront,1954,8.1,108,171000,91.0,Approved,"Marlon Brando gives one of the screen's most electrifying performances as Best Actor in this 1954 Academy Award winning Best Film as Ex-fighter Terry Malloy, who could have been a contender but now toils for boss Johnny Friendly (Lee J. Cobb) on the gang-ridden waterfront.  [Sony]"
Mr. Smith Goes to Washington,1939,8.1,129,125000,73.0,Passed,"A naive man (Jimmie Stewart) is appointed to fill a vacancy in the United States Senate. His plans promptly collide with political corruption, but he doesn't back down."
Wild Strawberries,1957,8.1,92,119000,88.0,Not,"After living a life marked by coldness, an aging professor is forced to confront the emptiness of his existence."
Logan,2017,8.1,137,881000,77.0,TV-MA,"In the near future, a weary Logan cares for an ailing Professor X in a hideout on the Mexican border. But Logan's attempts to hide from the world and his legacy are up-ended when a young mutant arrives, being pursued by dark forces."
The Third Man,1949,8.1,104,188000,97.0,TV-PG,"Pulp novelist Holly Martins travels to shadowy, postwar Vienna, only to find himself investigating the mysterious death of an old friend, Harry Lime."
Rocky,1976,8.1,120,654000,70.0,TV-PG,"Rocky Balboa (Sylvester Stallone) is a Philadelphia club fighter who seems to be going nowhere. But when a stroke of fate puts him in the ring with a world heavyweight champion, Rocky knows that it's his one shot at the big time; a once-in-a-lifetime opportunity to go the distance and come out a winner! [MGM]"
Tokyo Story,1953,8.1,137,73000,100.0,Not,"Yasujiro Ozu’s Tokyo Story follows an aging couple, Tomi and Sukichi, on their journey from their rural village to visit their two married children in bustling, postwar Tokyo. Their reception is disappointing: too busy to entertain them, their children send them off to a health spa. After Tomi falls ill she and Sukichi return home, while the children, grief-stricken, hasten to be with her. From a simple tale unfolds one of the greatest of all Japanese films. Starring Ozu regulars Chishu Ryu and Setsuko Hara, the film reprises one of the director’s favorite themes—that of generational conflict—in a way that is quintessentially Japanese and yet so universal in its appeal that it continues to resonate as one of cinema’s greatest masterpieces. [Janus Films]"
The Big Lebowski,1998,8.1,117,885000,71.0,TV-14,"'The Dude', Jeff Lebowski is unemployed and as laid-back as they come. That is until he becomes a victim of mistaken identity, and two thugs break into his apartment with the errant belief that they're strong-arming Jeff Lebowski - the Pasadena millionaire. In the hope of getting a replacement for his soiled carpet, 'the Dude' pays a visit to his wealthy namesake..."
Spotlight,2015,8.1,129,516000,93.0,R,"Spotlight tells the riveting true story of the Pulitzer Prize-winning Boston Globe investigation that would rock the city and cause a crisis in one of the world’s oldest and most trusted institutions. When the newspaper’s tenacious “Spotlight” team of reporters delve into allegations of abuse in the Catholic Church, their year-long investigation uncovers a decades-long cover-up at the highest levels of Boston's religious, legal, and government establishment, touching off a wave of revelations around the world. [Open Road Films]"
The Seventh Seal,1957,8.1,96,206000,88.0,Not,"A man seeks answers about life, death, and the existence of God as he plays chess against the Grim Reaper during the Black Plague."
The Terminator,1984,8.1,107,957000,84.0,TV-14,A cyborg (Arnold Schwarzenegger) is sent from the 21st century to present-day Los Angeles to assassinate a seemingly innocent women whose child will play an important part in the world from which the killer came. [MGM]
Room,2015,8.1,118,465000,86.0,R,"Jack (Jacob Tremblay) is a spirited 5 year-old who is looked after by his loving and devoted Ma (Brie Larson).  Like any good mother, Ma dedicates herself to keeping Jack happy and safe, nurturing him with warmth and love and doing typical things like playing games and telling stories. Their life, however, is anything but typical—they are trapped—confined to a windowless, 10-by-10-foot space, which Ma has euphemistically named “Room.” Ma has created a whole universe for Jack within Room, and she will stop at nothing to ensure that, even in this treacherous environment, Jack is able to live a complete and fulfilling life.   But as Jack’s curiosity about their situation grows, and Ma’s resilience reaches its breaking point, they enact a risky plan to escape, ultimately bringing them face-to-face with what may turn out to be the scariest thing yet: the real world."
Room,2015,8.1,118,465000,64.0,Not,"Julia Barker is late for work at the Paradise Bingo, again. Struggling to make ends meet and to raise her daughters, Julia suppresses her own needs and desires to support her family. But the headaches, excruciating migraines, keep coming. Inside her splitting mind, disturbing visions erupt: water, rafters and then the blinding white windows of a warehouse sized room. The space is menacing, mysterious and seductive. The visions intensify and soon there are signs. Julia knows that she must find the room. Desperate, she robs the Bingo hall, abandons her family and flies to New York.  Her pilgrimage has begun.    (Celluloid Dreams)"
Pirates of the Caribbean: The Curse of the Black Pearl,2003,8.1,143,1300000,63.0,PG-13,"For the roguish yet charming Captain Jack Sparrow (Depp), the crystalline waters if the Caribbean present a vast playground where adventure and mystery abound.  But Jack's idyllic pirate life capsizes after his nemesis, the wily Captain Barbossa (Rush), steals his ship, the Black Pearl, and kidnaps the Governor's (Pryce) beautiful daughter, Elizabeth Swann (Knightley).  (Disney)"
Hotel Rwanda,2004,8.1,121,382000,79.0,PG-13,"Based on true events from the civil war in Rwanda, this film profiles Paul Rusesabagina (Don Cheadle), the manager of a luxury hotel who opened his establishment to Tutsi refugees despite the danger to himself and his family."
Platoon,1986,8.1,120,452000,92.0,TV-14,A young recruit in Vietnam faces a moral crisis when confronted with the horrors of war and the duality of man.
Before Sunset,2004,8.1,80,300000,91.0,R,The timeless romantic story of two questing hearts and minds whose powerful bond defies time and place.  [Warner Independent Pictures]
The Best Years of Our Lives,1946,8.1,170,74000,93.0,Approved,Three World War II veterans return home to small-town America to discover that they and their families have been irreparably changed.
The Passion of Joan of Arc,1928,8.1,114,64000,98.0,Passed,"In 1431, Jeanne d'Arc is placed on trial on charges of heresy. The ecclesiastical jurists attempt to force Jeanne to recant her claims of holy visions."
The Exorcist,1973,8.1,122,474000,83.0,TV-14,"When a 12-year-old girl (Linda Blair) is possessed by a mysterious entity, her mother seeks the help of two priests to save her daughter."
The Wizard of Oz,1939,8.1,102,447000,92.0,Passed,"Adapted from L. Frank Baum’s timeless children’s tale about a Kansas girl’s journey over the rainbow, The Wizard of Oz opened at Grauman’s Chinese Theater on August 15, 1939. [Warner Bros.]"
The Incredibles,2004,8.0,115,846000,90.0,TV-PG,"Known to the world as superheroes Mr. Incredible and Elastigirl, Bob Parr and his wife Helen were among the world's greatest crime fighters, saving lives and battling evil on a daily basis. Fifteen years later, they have been forced to adopt civilian identities and retreat to the suburbs to live ""normal"" lives with their three kids, Violet, Dash and Jack-Jack. Itching to get back into action, Bob gets his chance when a mysterious communication summons him to a remote island for a top secret assignment. [Disney]"
The Sound of Music,1965,8.1,172,273000,63.0,TV-Y,A young woman (Julie Andrews) leaves an Austrian convent to become a governess to the children of a Naval officer widower.
Rush,2013,8.1,123,530000,74.0,R,"Set against the glamorous golden age of Formula 1 racing in the 1970s, Rush tells the true story of the great rivalry between handsome English playboy James Hunt and his methodical, brilliant opponent, Austrian driver Niki Lauda. The story chronicles their distinctly different personal styles on and off the track, their loves and the astonishing 1976 season in which both drivers were willing to risk everything to become world champion in a sport with no margin for error."
Rush,2013,8.1,123,530000,66.0,R,"Two small-town Texas cops go undercover to catch a major drug dealer and are sucked into the drug culture, compromising their assignment."
Stand by Me,1986,8.1,89,460000,75.0,TV-MA,"Stand by Me's screenplay by Raynold Gideon and Bruce A. Evans is based on Stephen King's novella ""The Body,"" a somewhat autobiographical account of an overnight hike by four Oregon youngsters to seek the body of a boy who had been struck by a train. [New York Times]"
Network,1976,8.1,121,177000,83.0,TV-MA,"A devastating commentary on a world of ratings-driving commercial TV that is getting more on target every day, Network introduces us to Howard Beale (Finch), dean of newscasters at the United Broadcasting Systems (UBS). Having heard that he will soon be dumped by the UBS for ""skewing too old,"" Beal announces to his viewers that he will commit suicide on his next and final program. Eyeing ratings gold with this news, an ambitious programming executive convinces the powers that be not to fire Beal on the spot.  The tables turn, however, when instead of going through the act, Beal launches into rhetoric about the state of the world and concludes his tirade with ""I'm mad as Hell, and I'm not gonna take it anymore!"" [MGM]"
The Handmaiden,2016,8.1,145,185000,85.0,Not,"1930s Korea, in the period of Japanese occupation, a new girl (Kim Tae-ri) is hired as a handmaiden to a Japanese heiress (Kim Min-hee) who lives a secluded life on a large countryside estate with her domineering Uncle (Jo Jin-woong). But the maid has a secret. She is a pickpocket recruited by a swindler posing as a Japanese Count (Ha Jung-woo) to help him seduce the Lady to elope with him, rob her of her fortune, and lock her up in a madhouse. The plan seems to proceed according to plan until Sookee and Hideko discover some unexpected emotions."
The Iron Giant,1999,8.1,86,241000,85.0,TV-PG,"A giant metal machine falls to Earth in 1950s Maine, frightening townspeople.  However, the robot befriends a nine-year-old boy named Hogarth who must save it from the predjudices of the townspeople and from a government agent intent on destroying the robot."
To Be or Not to Be,1942,8.1,99,46000,86.0,Passed,"During the Nazi occupation of Poland, an acting troupe becomes embroiled in a Polish soldier's efforts to track down a German spy."
To Be or Not to Be,1942,8.1,99,46000,61.0,PG,"A bad Polish actor is just trying to make a living when what should intrude but World War II in the form of an invasion. His wife has the habit of entertaining young Polish officers while he's on stage which is also a source of depression to him. When one of her officers comes back on a Secret Mission, the actor takes charge and comes up with a plan for them to escape."
The Battle of Algiers,1966,8.1,121,70000,96.0,Not,"The Battle of Algiers re-creates a key year in the tumultuous Algerian struggle for independence from the occupying French in the 1950s. As violence escalates on both sides, children shoot soldiers at point-blank range, women plant bombs in cafés, and French soldiers resort to torture to break the will of the insurgents. Shot on the streets of Algiers in documentary style, the film is a case study in modern warfare, with its terrorist attacks and the brutal techniques used to combat them."
Into the Wild,2007,8.1,148,675000,73.0,R,"Freshly graduated from college and with a promising future ahead, 22-year-old Christopher McCandless chose instead to walk out of his privileged life and into the wild in search of adventure. What happened to him on the way transformed this young wanderer into an enduring symbol for countless people. Was Christopher McCandless a heroic adventurer or a naïve idealist, a rebellious 1990s Thoreau or another lost American son, a fearless risk-taker or a tragic figure who wrestled with the precarious balance between man and nature? (Paramount Vantage)"
The Grapes of Wrath,1940,8.1,129,103000,96.0,Passed,"A poor Midwest family is forced off their land. They travel to California, suffering the misfortunes of the homeless in the Great Depression."
Groundhog Day,1993,8.0,101,711000,72.0,TV-PG,"Teamed with a relentlessly cheerful producer (Andie MacDowell) and a smart-aleck cameraman (Chris Elliott), TV weatherman Phil Connors (Bill Murray) is sent to Punxsutawney, Pennsylvania, to cover the annual Groundhog Day festivities. But on his way out of town, Phil is caught in a giant blizzard, which he failed to predict, and finds himself stuck in small-town hell. Just when things couldn't get worse, they get worse; Phil wakes the next morning to find it's Groundhog Day all over again... and again... and again. [Sony]"
The Help,2011,8.1,146,509000,62.0,PG-13,"Mississippi during the 1960s: Skeeter, a southern society girl, returns from college determined to become a writer, but turns her friends' lives--and a small Mississippi town--upside down when she decides to interview the black women who have spent their lives taking care of prominent southern families. Aibileen, Skeeter's best friend's housekeeper, is the first to open up—to the dismay of her friends in the tight-knit black community. Despite Skeeter's life-long friendships hanging in the balance, she and Aibileen continue their collaboration and soon more women come forward to tell their stories—and as it turns out, they have a lot to say. Along the way, unlikely friendships are forged and a new sisterhood emerges, but not before everyone in town has a thing or two to say themselves when they become unwittingly—and unwillingly—caught up in the changing times. (Walt Disney Pictures)"
Amores Perros,2000,8.0,154,259000,83.0,R,"A bold, intensely emotional, and ambitious story of lives that collide in a Mexico City car crash.  (Lion Gate Films)"
Rebecca,1940,8.1,130,152000,86.0,Approved,A self-conscious woman juggles adjusting to her new role as an aristocrat's wife and avoiding being intimidated by his first wife's spectral presence.
Rebecca,1940,8.1,130,152000,46.0,PG-13,"After a whirlwind romance in Monte Carlo with handsome widower Maxim de Winter (Armie Hammer), a newly married young woman (Lily James) arrives at Manderley, her new husband's imposing family estate on a windswept English coast. Naive and inexperienced, she begins to settle into the trappings of her new life, but finds herself battling the shadow of Maxim's first wife, the elegant and urbane Rebecca, whose haunting legacy is kept alive by Manderley's sinister housekeeper Mrs. Danvers (Kristin Scott Thomas)."
Gangs of Wasseypur,2012,8.2,321,107000,89.0,Not,"Gangs of Wasseypur charts seventy years in the lives – and spectacular deaths – of two mafia-like families fighting for control of the coal-mining town of Wasseypur, India. Inspired by the real-life exploits of local gangs and beginning with the bandit-like career of Shahid Khan (Jaideep Ahlawat) in the 1940s, the film follows the ruthless rise of his son Sardar (Manoj Bajpayee) and his offspring Faizal (Nawazuddin Siddiqui), Danish, Perpendicular and Definitive and their their longtime nemesis, the wily and seemingly unstoppable Ramadhir Singh (Tigmanshu Dhulia). [Cinelicious Pics]"
